epoch,train_loss,val_acc,val_precision,val_recall,val_f1
1,0.5910862985693041,0.7124183006535948,0.6575342465753424,0.9171974522292994,0.7659574468085106
2,0.4058820917408486,0.7516339869281046,0.8715596330275229,0.6050955414012739,0.7142857142857143
3,0.18707715899866745,0.7189542483660131,0.7052023121387283,0.7770700636942676,0.7393939393939394
4,0.0445381667961168,0.7254901960784313,0.7039106145251397,0.802547770700637,0.75
5,0.011975145474702242,0.7352941176470589,0.7111111111111111,0.8152866242038217,0.7596439169139466
