epoch,train_loss,val_acc,val_precision,val_recall,val_f1
1,0.6084236829984383,0.6993464052287581,0.8585858585858586,0.5214723926380368,0.648854961832061
2,0.45653501603691304,0.7156862745098039,0.6610169491525424,0.9570552147239264,0.7819548872180451
3,0.2261314574384787,0.7483660130718954,0.7311827956989247,0.8343558282208589,0.7793696275071633
4,0.06088219573186924,0.7450980392156863,0.7297297297297297,0.8282208588957055,0.7758620689655172
5,0.01588096999769389,0.7679738562091504,0.7738095238095238,0.7975460122699386,0.7854984894259819
