epoch,train_loss,val_acc,val_precision,val_recall,val_f1
1,0.6223264874004927,0.7287581699346405,0.7150537634408602,0.8159509202453987,0.7621776504297995
2,0.48816368257413145,0.7679738562091504,0.7421052631578947,0.8650306748466258,0.7988668555240793
3,0.2962566481781055,0.7647058823529411,0.7757575757575758,0.7852760736196319,0.7804878048780488
4,0.10829159299705605,0.7483660130718954,0.7415730337078652,0.8098159509202454,0.7741935483870968
5,0.04138807994008186,0.7483660130718954,0.7654320987654321,0.7607361963190185,0.7630769230769231
